,Video,Frame,Truth,framename
0,FH102_02,2,Negative,frame2.jpeg
1,FH102_02,3,Negative,frame3.jpeg
2,FH102_02,4,Negative,frame4.jpeg
3,FH102_02,5,Negative,frame5.jpeg
4,FH102_02,6,Negative,frame6.jpeg
5,FH102_02,7,Negative,frame7.jpeg
6,FH102_02,9,Negative,frame9.jpeg
7,FH102_02,17,Negative,frame17.jpeg
8,FH102_02,35,Negative,frame35.jpeg
9,FH102_02,38,Negative,frame38.jpeg
10,FH102_02,42,Negative,frame42.jpeg
11,FH102_02,47,Negative,frame47.jpeg
12,FH102_02,48,Negative,frame48.jpeg
13,FH102_02,49,Negative,frame49.jpeg
14,FH102_02,50,Negative,frame50.jpeg
15,FH102_02,52,Negative,frame52.jpeg
16,FH102_02,53,Negative,frame53.jpeg
17,FH102_02,54,Negative,frame54.jpeg
18,FH102_02,55,Negative,frame55.jpeg
19,FH102_02,56,Negative,frame56.jpeg
20,FH102_02,57,Negative,frame57.jpeg
21,FH102_02,59,Negative,frame59.jpeg
22,FH102_02,61,Negative,frame61.jpeg
23,FH102_02,66,Negative,frame66.jpeg
24,FH102_02,67,Negative,frame67.jpeg
25,FH102_02,69,Negative,frame69.jpeg
26,FH102_02,70,Negative,frame70.jpeg
27,FH102_02,74,Negative,frame74.jpeg
28,FH102_02,75,Negative,frame75.jpeg
29,FH102_02,76,Negative,frame76.jpeg
30,FH102_02,79,Negative,frame79.jpeg
31,FH102_02,83,Negative,frame83.jpeg
32,FH102_02,85,Negative,frame85.jpeg
33,FH102_02,86,Negative,frame86.jpeg
34,FH102_02,90,Negative,frame90.jpeg
35,FH102_02,103,Negative,frame103.jpeg
36,FH102_02,115,Negative,frame115.jpeg
37,FH102_02,117,Negative,frame117.jpeg
38,FH102_02,131,Negative,frame131.jpeg
39,FH102_02,142,Negative,frame142.jpeg
40,FH102_02,143,Negative,frame143.jpeg
41,FH102_02,144,Negative,frame144.jpeg
42,FH102_02,146,Negative,frame146.jpeg
43,FH102_02,161,Negative,frame161.jpeg
44,FH102_02,183,Negative,frame183.jpeg
45,FH102_02,203,Negative,frame203.jpeg
46,FH102_02,205,Negative,frame205.jpeg
47,FH102_02,272,Negative,frame272.jpeg
48,FH102_02,274,Negative,frame274.jpeg
49,FH102_02,287,Negative,frame287.jpeg
50,FH102_02,288,Negative,frame288.jpeg
51,FH102_02,296,Negative,frame296.jpeg
52,FH102_02,315,Negative,frame315.jpeg
53,FH102_02,317,Negative,frame317.jpeg
54,FH102_02,318,Negative,frame318.jpeg
55,FH102_02,319,Negative,frame319.jpeg
56,FH102_02,320,Negative,frame320.jpeg
57,FH102_02,321,Negative,frame321.jpeg
58,FH102_02,322,Negative,frame322.jpeg
59,FH102_02,324,Negative,frame324.jpeg
60,FH102_02,328,Negative,frame328.jpeg
61,FH102_02,329,Negative,frame329.jpeg
62,FH102_02,332,Negative,frame332.jpeg
63,FH102_02,337,Negative,frame337.jpeg
64,FH102_02,353,Negative,frame353.jpeg
65,FH102_02,365,Negative,frame365.jpeg
66,FH102_02,369,Negative,frame369.jpeg
67,FH102_02,378,Negative,frame378.jpeg
68,FH102_02,419,Negative,frame419.jpeg
69,FH102_02,420,Negative,frame420.jpeg
70,FH102_02,421,Negative,frame421.jpeg
71,FH102_02,422,Negative,frame422.jpeg
72,FH102_02,426,Negative,frame426.jpeg
73,FH102_02,433,Negative,frame433.jpeg
74,FH102_02,441,Negative,frame441.jpeg
75,FH102_02,459,Negative,frame459.jpeg
76,FH102_02,471,Negative,frame471.jpeg
77,FH102_02,473,Negative,frame473.jpeg
78,FH102_02,475,Negative,frame475.jpeg
79,FH102_02,478,Negative,frame478.jpeg
80,FH102_02,483,Negative,frame483.jpeg
81,FH102_02,484,Negative,frame484.jpeg
82,FH102_02,485,Negative,frame485.jpeg
83,FH102_02,507,Negative,frame507.jpeg
84,FH102_02,546,Negative,frame546.jpeg
85,FH102_02,568,Negative,frame568.jpeg
86,FH102_02,574,Negative,frame574.jpeg
87,FH102_02,583,Negative,frame583.jpeg
88,FH102_02,591,Negative,frame591.jpeg
89,FH102_02,593,Negative,frame593.jpeg
90,FH102_02,597,Negative,frame597.jpeg
91,FH102_02,693,Negative,frame693.jpeg
92,FH102_02,700,Negative,frame700.jpeg
93,FH102_02,703,Negative,frame703.jpeg
94,FH102_02,708,Negative,frame708.jpeg
95,FH102_02,718,Negative,frame718.jpeg
96,FH102_02,724,Negative,frame724.jpeg
97,FH102_02,767,Negative,frame767.jpeg
98,FH102_02,775,Negative,frame775.jpeg
99,FH102_02,782,Negative,frame782.jpeg
100,FH102_02,796,Negative,frame796.jpeg
101,FH102_02,798,Negative,frame798.jpeg
102,FH102_02,800,Negative,frame800.jpeg
103,FH102_02,801,Negative,frame801.jpeg
104,FH102_02,802,Negative,frame802.jpeg
105,FH102_02,803,Negative,frame803.jpeg
106,FH102_02,804,Negative,frame804.jpeg
107,FH102_02,807,Negative,frame807.jpeg
108,FH102_02,809,Negative,frame809.jpeg
109,FH102_02,813,Negative,frame813.jpeg
110,FH102_02,814,Negative,frame814.jpeg
111,FH102_02,815,Negative,frame815.jpeg
112,FH102_02,819,Negative,frame819.jpeg
113,FH102_02,820,Negative,frame820.jpeg
114,FH102_02,824,Negative,frame824.jpeg
115,FH102_02,825,Negative,frame825.jpeg
116,FH102_02,829,Negative,frame829.jpeg
117,FH102_02,831,Negative,frame831.jpeg
118,FH102_02,833,Negative,frame833.jpeg
119,FH102_02,840,Negative,frame840.jpeg
120,FH102_02,842,Negative,frame842.jpeg
121,FH102_02,844,Negative,frame844.jpeg
122,FH102_02,845,Negative,frame845.jpeg
123,FH102_02,848,Negative,frame848.jpeg
124,FH102_02,849,Negative,frame849.jpeg
125,FH102_02,919,Negative,frame919.jpeg
126,FH102_02,943,Negative,frame943.jpeg
127,FH102_02,945,Negative,frame945.jpeg
128,FH102_02,964,Negative,frame964.jpeg
129,FH102_02,969,Negative,frame969.jpeg
130,FH102_02,980,Negative,frame980.jpeg
131,FH102_02,982,Negative,frame982.jpeg
132,FH102_02,984,Positive,frame984.jpeg
133,FH102_02,985,Positive,frame985.jpeg
134,FH102_02,986,Positive,frame986.jpeg
135,FH102_02,987,Negative,frame987.jpeg
136,FH102_02,993,Negative,frame993.jpeg
137,FH102_02,1017,Positive,frame1017.jpeg
138,FH102_02,1018,Positive,frame1018.jpeg
139,FH102_02,1019,Positive,frame1019.jpeg
140,FH102_02,1020,Positive,frame1020.jpeg
141,FH102_02,1021,Positive,frame1021.jpeg
142,FH102_02,1022,Positive,frame1022.jpeg
143,FH102_02,1023,Positive,frame1023.jpeg
144,FH102_02,1024,Positive,frame1024.jpeg
145,FH102_02,1025,Positive,frame1025.jpeg
146,FH102_02,1026,Positive,frame1026.jpeg
147,FH102_02,1030,Negative,frame1030.jpeg
148,FH102_02,1031,Negative,frame1031.jpeg
149,FH102_02,1032,Negative,frame1032.jpeg
150,FH102_02,1033,Negative,frame1033.jpeg
151,FH102_02,1034,Negative,frame1034.jpeg
152,FH102_02,1035,Negative,frame1035.jpeg
153,FH102_02,1046,Negative,frame1046.jpeg
154,FH102_02,1096,Negative,frame1096.jpeg
155,FH102_02,1100,Negative,frame1100.jpeg
156,FH102_02,1102,Negative,frame1102.jpeg
157,FH102_02,1104,Negative,frame1104.jpeg
158,FH102_02,1107,Negative,frame1107.jpeg
159,FH102_02,1108,Negative,frame1108.jpeg
160,FH102_02,1146,Negative,frame1146.jpeg
161,FH102_02,1151,Negative,frame1151.jpeg
162,FH102_02,1152,Negative,frame1152.jpeg
163,FH102_02,1154,Negative,frame1154.jpeg
164,FH102_02,1155,Negative,frame1155.jpeg
165,FH102_02,1158,Negative,frame1158.jpeg
166,FH102_02,1160,Negative,frame1160.jpeg
167,FH102_02,1161,Negative,frame1161.jpeg
168,FH102_02,1165,Negative,frame1165.jpeg
169,FH102_02,1199,Negative,frame1199.jpeg
170,FH102_02,1200,Negative,frame1200.jpeg
171,FH102_02,1201,Negative,frame1201.jpeg
172,FH102_02,1204,Negative,frame1204.jpeg
173,FH102_02,1205,Negative,frame1205.jpeg
174,FH102_02,1208,Negative,frame1208.jpeg
175,FH102_02,1209,Negative,frame1209.jpeg
176,FH102_02,1247,Negative,frame1247.jpeg
177,FH102_02,1249,Negative,frame1249.jpeg
178,FH102_02,1261,Negative,frame1261.jpeg
179,FH102_02,1263,Negative,frame1263.jpeg
180,FH102_02,1266,Negative,frame1266.jpeg
181,FH102_02,1267,Negative,frame1267.jpeg
182,FH102_02,1268,Negative,frame1268.jpeg
183,FH102_02,1277,Negative,frame1277.jpeg
184,FH102_02,1288,Negative,frame1288.jpeg
185,FH102_02,1291,Negative,frame1291.jpeg
186,FH102_02,1295,Negative,frame1295.jpeg
187,FH102_02,1296,Negative,frame1296.jpeg
188,FH102_02,1297,Negative,frame1297.jpeg
189,FH102_02,1298,Negative,frame1298.jpeg
190,FH102_02,1299,Negative,frame1299.jpeg
191,FH102_02,1308,Negative,frame1308.jpeg
192,FH102_02,1313,Negative,frame1313.jpeg
193,FH102_02,1315,Negative,frame1315.jpeg
194,FH102_02,1325,Negative,frame1325.jpeg
195,FH102_02,1326,Negative,frame1326.jpeg
196,FH102_02,1335,Negative,frame1335.jpeg
197,FH102_02,1354,Positive,frame1354.jpeg
198,FH102_02,1355,Positive,frame1355.jpeg
199,FH102_02,1356,Negative,frame1356.jpeg
200,FH102_02,1357,Negative,frame1357.jpeg
201,FH102_02,1473,Negative,frame1473.jpeg
202,FH102_02,1475,Negative,frame1475.jpeg
203,FH102_02,1484,Positive,frame1484.jpeg
204,FH102_02,1485,Positive,frame1485.jpeg
205,FH102_02,1486,Negative,frame1486.jpeg
206,FH102_02,1487,Negative,frame1487.jpeg
207,FH102_02,1488,Negative,frame1488.jpeg
208,FH102_02,1489,Negative,frame1489.jpeg
209,FH102_02,1490,Negative,frame1490.jpeg
210,FH102_02,1492,Negative,frame1492.jpeg
211,FH102_02,1519,Negative,frame1519.jpeg
212,FH102_02,1520,Negative,frame1520.jpeg
213,FH102_02,1521,Negative,frame1521.jpeg
214,FH102_02,1522,Negative,frame1522.jpeg
215,FH102_02,1524,Negative,frame1524.jpeg
216,FH102_02,1541,Negative,frame1541.jpeg
217,FH102_02,1574,Negative,frame1574.jpeg
218,FH102_02,1668,Negative,frame1668.jpeg
219,FH102_02,1678,Negative,frame1678.jpeg
220,FH102_02,1682,Negative,frame1682.jpeg
221,FH102_02,1684,Negative,frame1684.jpeg
222,FH102_02,1701,Negative,frame1701.jpeg
223,FH102_02,1706,Negative,frame1706.jpeg
224,FH102_02,1707,Negative,frame1707.jpeg
225,FH102_02,1756,Negative,frame1756.jpeg
226,FH102_02,1762,Negative,frame1762.jpeg
227,FH102_02,1763,Negative,frame1763.jpeg
228,FH102_02,1819,Negative,frame1819.jpeg
229,FH102_02,1820,Positive,frame1820.jpeg
230,FH102_02,1821,Negative,frame1821.jpeg
231,FH102_02,1995,Negative,frame1995.jpeg
232,FH102_02,2002,Negative,frame2002.jpeg
233,FH102_02,2005,Negative,frame2005.jpeg
234,FH102_02,2006,Negative,frame2006.jpeg
235,FH102_02,2007,Negative,frame2007.jpeg
236,FH102_02,2008,Negative,frame2008.jpeg
237,FH102_02,2012,Negative,frame2012.jpeg
238,FH102_02,2029,Negative,frame2029.jpeg
239,FH102_02,2044,Negative,frame2044.jpeg
240,FH102_02,2048,Negative,frame2048.jpeg
241,FH102_02,2049,Negative,frame2049.jpeg
242,FH102_02,2051,Negative,frame2051.jpeg
243,FH102_02,2053,Negative,frame2053.jpeg
244,FH102_02,2054,Negative,frame2054.jpeg
245,FH102_02,2055,Negative,frame2055.jpeg
246,FH102_02,2060,Negative,frame2060.jpeg
247,FH102_02,2061,Negative,frame2061.jpeg
248,FH102_02,2063,Negative,frame2063.jpeg
249,FH102_02,2064,Negative,frame2064.jpeg
250,FH102_02,2070,Negative,frame2070.jpeg
251,FH102_02,2075,Negative,frame2075.jpeg
252,FH102_02,2076,Negative,frame2076.jpeg
253,FH102_02,2077,Negative,frame2077.jpeg
254,FH102_02,2078,Negative,frame2078.jpeg
255,FH102_02,2079,Negative,frame2079.jpeg
256,FH102_02,2081,Negative,frame2081.jpeg
257,FH102_02,2086,Negative,frame2086.jpeg
258,FH102_02,2090,Negative,frame2090.jpeg
259,FH102_02,2095,Negative,frame2095.jpeg
260,FH102_02,2109,Negative,frame2109.jpeg
261,FH102_02,2120,Negative,frame2120.jpeg
262,FH102_02,2148,Negative,frame2148.jpeg
263,FH102_02,2150,Negative,frame2150.jpeg
264,FH102_02,2157,Negative,frame2157.jpeg
265,FH102_02,2161,Negative,frame2161.jpeg
266,FH102_02,2162,Negative,frame2162.jpeg
267,FH102_02,2163,Negative,frame2163.jpeg
268,FH102_02,2164,Negative,frame2164.jpeg
269,FH102_02,2175,Negative,frame2175.jpeg
270,FH102_02,2185,Negative,frame2185.jpeg
271,FH102_02,2195,Negative,frame2195.jpeg
272,FH102_02,2205,Negative,frame2205.jpeg
273,FH102_02,2206,Negative,frame2206.jpeg
274,FH102_02,2210,Negative,frame2210.jpeg
275,FH102_02,2214,Negative,frame2214.jpeg
276,FH102_02,2215,Negative,frame2215.jpeg
277,FH102_02,2216,Negative,frame2216.jpeg
278,FH102_02,2218,Negative,frame2218.jpeg
279,FH102_02,2224,Negative,frame2224.jpeg
280,FH102_02,2230,Negative,frame2230.jpeg
281,FH102_02,2241,Negative,frame2241.jpeg
282,FH102_02,2247,Negative,frame2247.jpeg
283,FH102_02,2253,Negative,frame2253.jpeg
284,FH102_02,2271,Negative,frame2271.jpeg
285,FH102_02,2273,Negative,frame2273.jpeg
286,FH102_02,2277,Negative,frame2277.jpeg
287,FH102_02,2280,Negative,frame2280.jpeg
288,FH102_02,2281,Negative,frame2281.jpeg
289,FH102_02,2286,Negative,frame2286.jpeg
290,FH102_02,2295,Negative,frame2295.jpeg
291,FH102_02,2297,Negative,frame2297.jpeg
292,FH102_02,2311,Negative,frame2311.jpeg
293,FH102_02,2317,Negative,frame2317.jpeg
294,FH102_02,2320,Negative,frame2320.jpeg
295,FH102_02,2323,Negative,frame2323.jpeg
296,FH102_02,2325,Negative,frame2325.jpeg
297,FH102_02,2336,Negative,frame2336.jpeg
298,FH102_02,2339,Negative,frame2339.jpeg
299,FH102_02,2352,Negative,frame2352.jpeg
300,FH102_02,2369,Negative,frame2369.jpeg
301,FH102_02,2370,Negative,frame2370.jpeg
302,FH102_02,2377,Negative,frame2377.jpeg
303,FH102_02,2380,Negative,frame2380.jpeg
304,FH102_02,2381,Negative,frame2381.jpeg
305,FH102_02,2386,Negative,frame2386.jpeg
306,FH102_02,2388,Negative,frame2388.jpeg
307,FH102_02,2389,Negative,frame2389.jpeg
308,FH102_02,2392,Negative,frame2392.jpeg
309,FH102_02,2394,Negative,frame2394.jpeg
310,FH102_02,2405,Negative,frame2405.jpeg
311,FH102_02,2406,Negative,frame2406.jpeg
312,FH102_02,2410,Negative,frame2410.jpeg
313,FH102_02,2412,Negative,frame2412.jpeg
314,FH102_02,2413,Negative,frame2413.jpeg
315,FH102_02,2414,Negative,frame2414.jpeg
316,FH102_02,2425,Negative,frame2425.jpeg
317,FH102_02,2428,Negative,frame2428.jpeg
318,FH102_02,2431,Negative,frame2431.jpeg
319,FH102_02,2432,Negative,frame2432.jpeg
320,FH102_02,2436,Negative,frame2436.jpeg
321,FH102_02,2440,Negative,frame2440.jpeg
322,FH102_02,2443,Negative,frame2443.jpeg
323,FH102_02,2445,Negative,frame2445.jpeg
324,FH102_02,2454,Negative,frame2454.jpeg
325,FH102_02,2463,Negative,frame2463.jpeg
326,FH102_02,2480,Negative,frame2480.jpeg
327,FH102_02,2483,Negative,frame2483.jpeg
328,FH102_02,2487,Negative,frame2487.jpeg
329,FH102_02,2488,Negative,frame2488.jpeg
330,FH102_02,2492,Negative,frame2492.jpeg
331,FH102_02,2634,Negative,frame2634.jpeg
332,FH102_02,2639,Negative,frame2639.jpeg
333,FH102_02,2652,Negative,frame2652.jpeg
334,FH102_02,2654,Negative,frame2654.jpeg
335,FH102_02,2667,Negative,frame2667.jpeg
336,FH102_02,2672,Negative,frame2672.jpeg
337,FH102_02,2712,Negative,frame2712.jpeg
338,FH102_02,2742,Negative,frame2742.jpeg
339,FH102_02,2760,Negative,frame2760.jpeg
340,FH102_02,2800,Negative,frame2800.jpeg
341,FH102_02,2818,Negative,frame2818.jpeg
342,FH102_02,2855,Negative,frame2855.jpeg
343,FH102_02,2903,Positive,frame2903.jpeg
344,FH102_02,2904,Positive,frame2904.jpeg
345,FH102_02,2985,Negative,frame2985.jpeg
346,FH102_02,2987,Negative,frame2987.jpeg
347,FH102_02,2996,Negative,frame2996.jpeg
348,FH102_02,3010,Negative,frame3010.jpeg
349,FH102_02,3012,Negative,frame3012.jpeg
350,FH102_02,3016,Negative,frame3016.jpeg
351,FH102_02,3027,Negative,frame3027.jpeg
352,FH102_02,3028,Negative,frame3028.jpeg
353,FH102_02,3033,Negative,frame3033.jpeg
354,FH102_02,3034,Negative,frame3034.jpeg
355,FH102_02,3038,Negative,frame3038.jpeg
356,FH102_02,3041,Negative,frame3041.jpeg
357,FH102_02,3043,Negative,frame3043.jpeg
358,FH102_02,3045,Negative,frame3045.jpeg
359,FH102_02,3049,Negative,frame3049.jpeg
360,FH102_02,3054,Negative,frame3054.jpeg
361,FH102_02,3055,Negative,frame3055.jpeg
362,FH102_02,3058,Negative,frame3058.jpeg
363,FH102_02,3062,Negative,frame3062.jpeg
364,FH102_02,3066,Negative,frame3066.jpeg
365,FH102_02,3073,Negative,frame3073.jpeg
366,FH102_02,3078,Negative,frame3078.jpeg
367,FH102_02,3083,Negative,frame3083.jpeg
368,FH102_02,3208,Negative,frame3208.jpeg
369,FH102_02,3245,Negative,frame3245.jpeg
370,FH102_02,3315,Negative,frame3315.jpeg
371,FH102_02,3350,Negative,frame3350.jpeg
372,FH102_02,3365,Negative,frame3365.jpeg
373,FH102_02,3373,Negative,frame3373.jpeg
374,FH102_02,3385,Negative,frame3385.jpeg
375,FH102_02,3392,Negative,frame3392.jpeg
376,FH102_02,3396,Negative,frame3396.jpeg
377,FH102_02,3397,Negative,frame3397.jpeg
378,FH102_02,3401,Negative,frame3401.jpeg
379,FH102_02,3418,Negative,frame3418.jpeg
380,FH102_02,3516,Negative,frame3516.jpeg
381,FH102_02,3568,Negative,frame3568.jpeg
382,FH102_02,3573,Negative,frame3573.jpeg
383,FH102_02,3581,Negative,frame3581.jpeg
384,FH102_02,3607,Negative,frame3607.jpeg
385,FH102_02,3746,Negative,frame3746.jpeg
386,FH102_02,3801,Negative,frame3801.jpeg
387,FH102_02,3927,Negative,frame3927.jpeg
388,FH102_02,3929,Negative,frame3929.jpeg
389,FH102_02,3933,Negative,frame3933.jpeg
390,FH102_02,3935,Negative,frame3935.jpeg
391,FH102_02,3985,Negative,frame3985.jpeg
392,FH102_02,3999,Negative,frame3999.jpeg
393,FH102_02,4107,Negative,frame4107.jpeg
394,FH102_02,4109,Negative,frame4109.jpeg
395,FH102_02,4111,Negative,frame4111.jpeg
396,FH102_02,4113,Negative,frame4113.jpeg
397,FH102_02,4144,Negative,frame4144.jpeg
398,FH102_02,4164,Negative,frame4164.jpeg
399,FH102_02,4173,Negative,frame4173.jpeg
400,FH102_02,4192,Negative,frame4192.jpeg
401,FH102_02,4305,Negative,frame4305.jpeg
402,FH102_02,4373,Negative,frame4373.jpeg
403,FH102_02,4376,Negative,frame4376.jpeg
404,FH102_02,4379,Negative,frame4379.jpeg
405,FH102_02,4394,Negative,frame4394.jpeg
406,FH102_02,4413,Negative,frame4413.jpeg
407,FH102_02,4417,Negative,frame4417.jpeg
408,FH102_02,4437,Negative,frame4437.jpeg
409,FH102_02,4442,Negative,frame4442.jpeg
410,FH102_02,4470,Negative,frame4470.jpeg
411,FH102_02,4477,Negative,frame4477.jpeg
412,FH102_02,4482,Negative,frame4482.jpeg
413,FH102_02,4487,Negative,frame4487.jpeg
414,FH102_02,4491,Negative,frame4491.jpeg
415,FH102_02,4502,Negative,frame4502.jpeg
416,FH102_02,4503,Negative,frame4503.jpeg
417,FH102_02,4504,Negative,frame4504.jpeg
418,FH102_02,4505,Negative,frame4505.jpeg
419,FH102_02,4518,Negative,frame4518.jpeg
420,FH102_02,4520,Negative,frame4520.jpeg
421,FH102_02,4523,Negative,frame4523.jpeg
422,FH102_02,4539,Negative,frame4539.jpeg
423,FH102_02,4582,Negative,frame4582.jpeg
424,FH102_02,4589,Negative,frame4589.jpeg
425,FH102_02,4590,Negative,frame4590.jpeg
426,FH102_02,4591,Negative,frame4591.jpeg
427,FH102_02,4593,Negative,frame4593.jpeg
428,FH102_02,4646,Negative,frame4646.jpeg
429,FH102_02,4651,Negative,frame4651.jpeg
430,FH102_02,4652,Negative,frame4652.jpeg
431,FH102_02,4653,Negative,frame4653.jpeg
432,FH102_02,4654,Negative,frame4654.jpeg
433,FH102_02,4658,Negative,frame4658.jpeg
434,FH102_02,4662,Negative,frame4662.jpeg
435,FH102_02,4664,Negative,frame4664.jpeg
436,FH102_02,4669,Negative,frame4669.jpeg
437,FH102_02,4670,Negative,frame4670.jpeg
438,FH102_02,4671,Negative,frame4671.jpeg
439,FH102_02,4672,Negative,frame4672.jpeg
440,FH102_02,4673,Negative,frame4673.jpeg
441,FH102_02,4674,Negative,frame4674.jpeg
442,FH102_02,4675,Negative,frame4675.jpeg
443,FH102_02,4676,Negative,frame4676.jpeg
444,FH102_02,4681,Negative,frame4681.jpeg
445,FH102_02,4682,Negative,frame4682.jpeg
446,FH102_02,4685,Negative,frame4685.jpeg
447,FH102_02,4686,Negative,frame4686.jpeg
448,FH102_02,4688,Negative,frame4688.jpeg
449,FH102_02,4692,Negative,frame4692.jpeg
450,FH102_02,4693,Negative,frame4693.jpeg
451,FH102_02,4719,Negative,frame4719.jpeg
452,FH102_02,4735,Negative,frame4735.jpeg
453,FH102_02,4736,Negative,frame4736.jpeg
454,FH102_02,4745,Negative,frame4745.jpeg
455,FH102_02,4747,Negative,frame4747.jpeg
456,FH102_02,4748,Negative,frame4748.jpeg
457,FH102_02,4749,Negative,frame4749.jpeg
458,FH102_02,4753,Negative,frame4753.jpeg
459,FH102_02,4754,Negative,frame4754.jpeg
460,FH102_02,4761,Negative,frame4761.jpeg
461,FH102_02,4763,Negative,frame4763.jpeg
462,FH102_02,4768,Negative,frame4768.jpeg
463,FH102_02,4782,Negative,frame4782.jpeg
464,FH102_02,4786,Negative,frame4786.jpeg
465,FH102_02,4787,Negative,frame4787.jpeg
466,FH102_02,4790,Negative,frame4790.jpeg
467,FH102_02,4796,Negative,frame4796.jpeg
468,FH102_02,4804,Negative,frame4804.jpeg
469,FH102_02,4811,Negative,frame4811.jpeg
470,FH102_02,4823,Negative,frame4823.jpeg
471,FH102_02,4824,Negative,frame4824.jpeg
472,FH102_02,4828,Negative,frame4828.jpeg
473,FH102_02,4831,Negative,frame4831.jpeg
474,FH102_02,4835,Negative,frame4835.jpeg
475,FH102_02,4837,Negative,frame4837.jpeg
476,FH102_02,4839,Negative,frame4839.jpeg
477,FH102_02,4840,Negative,frame4840.jpeg
478,FH102_02,4842,Negative,frame4842.jpeg
479,FH102_02,4843,Negative,frame4843.jpeg
480,FH102_02,4844,Negative,frame4844.jpeg
481,FH102_02,4845,Negative,frame4845.jpeg
482,FH102_02,4848,Negative,frame4848.jpeg
483,FH102_02,4850,Negative,frame4850.jpeg
484,FH102_02,4851,Negative,frame4851.jpeg
485,FH102_02,4852,Negative,frame4852.jpeg
486,FH102_02,4861,Negative,frame4861.jpeg
487,FH102_02,4862,Negative,frame4862.jpeg
488,FH102_02,4865,Negative,frame4865.jpeg
489,FH102_02,4869,Negative,frame4869.jpeg
490,FH102_02,4871,Negative,frame4871.jpeg
491,FH102_02,4875,Negative,frame4875.jpeg
492,FH102_02,4876,Negative,frame4876.jpeg
493,FH102_02,4882,Negative,frame4882.jpeg
494,FH102_02,4890,Negative,frame4890.jpeg
495,FH102_02,4912,Negative,frame4912.jpeg
496,FH102_02,4929,Negative,frame4929.jpeg
497,FH102_02,4931,Negative,frame4931.jpeg
498,FH102_02,4936,Negative,frame4936.jpeg
499,FH102_02,4938,Negative,frame4938.jpeg
500,FH102_02,4956,Negative,frame4956.jpeg
501,FH102_02,4985,Negative,frame4985.jpeg
502,FH102_02,4987,Negative,frame4987.jpeg
503,FH102_02,4990,Negative,frame4990.jpeg
504,FH102_02,5054,Negative,frame5054.jpeg
505,FH102_02,5057,Negative,frame5057.jpeg
506,FH102_02,5069,Negative,frame5069.jpeg
507,FH102_02,5071,Negative,frame5071.jpeg
508,FH102_02,5075,Negative,frame5075.jpeg
509,FH102_02,5078,Negative,frame5078.jpeg
510,FH102_02,5086,Negative,frame5086.jpeg
511,FH102_02,5091,Negative,frame5091.jpeg
512,FH102_02,5093,Negative,frame5093.jpeg
513,FH102_02,5106,Negative,frame5106.jpeg
514,FH102_02,5107,Negative,frame5107.jpeg
515,FH102_02,5114,Negative,frame5114.jpeg
516,FH102_02,5115,Negative,frame5115.jpeg
517,FH102_02,5116,Negative,frame5116.jpeg
518,FH102_02,5117,Negative,frame5117.jpeg
519,FH102_02,5118,Negative,frame5118.jpeg
520,FH102_02,5119,Negative,frame5119.jpeg
521,FH102_02,5120,Negative,frame5120.jpeg
522,FH102_02,5121,Negative,frame5121.jpeg
523,FH102_02,5122,Negative,frame5122.jpeg
524,FH102_02,5123,Negative,frame5123.jpeg
525,FH102_02,5124,Negative,frame5124.jpeg
526,FH102_02,5125,Negative,frame5125.jpeg
527,FH102_02,5126,Negative,frame5126.jpeg
528,FH102_02,5127,Negative,frame5127.jpeg
529,FH102_02,5128,Negative,frame5128.jpeg
530,FH102_02,5129,Negative,frame5129.jpeg
531,FH102_02,5136,Negative,frame5136.jpeg
532,FH102_02,5137,Negative,frame5137.jpeg
533,FH102_02,5139,Negative,frame5139.jpeg
534,FH102_02,5140,Negative,frame5140.jpeg
535,FH102_02,5141,Negative,frame5141.jpeg
536,FH102_02,5161,Negative,frame5161.jpeg
537,FH102_02,5167,Negative,frame5167.jpeg
538,FH102_02,5190,Negative,frame5190.jpeg
539,FH102_02,5194,Negative,frame5194.jpeg
540,FH102_02,5196,Negative,frame5196.jpeg
541,FH102_02,5197,Negative,frame5197.jpeg
542,FH102_02,5214,Negative,frame5214.jpeg
543,FH102_02,5216,Negative,frame5216.jpeg
544,FH102_02,5222,Negative,frame5222.jpeg
545,FH102_02,5225,Negative,frame5225.jpeg
546,FH102_02,5238,Negative,frame5238.jpeg
547,FH102_02,5246,Negative,frame5246.jpeg
548,FH102_02,5248,Negative,frame5248.jpeg
549,FH102_02,5250,Negative,frame5250.jpeg
550,FH102_02,5254,Negative,frame5254.jpeg
551,FH102_02,5255,Negative,frame5255.jpeg
552,FH102_02,5256,Negative,frame5256.jpeg
553,FH102_02,5260,Negative,frame5260.jpeg
554,FH102_02,5267,Negative,frame5267.jpeg
555,FH102_02,5271,Negative,frame5271.jpeg
556,FH102_02,5276,Negative,frame5276.jpeg
557,FH102_02,5284,Positive,frame5284.jpeg
558,FH102_02,5285,Negative,frame5285.jpeg
559,FH102_02,5290,Negative,frame5290.jpeg
560,FH102_02,5304,Negative,frame5304.jpeg
561,FH102_02,5310,Negative,frame5310.jpeg
562,FH102_02,5316,Negative,frame5316.jpeg
563,FH102_02,5317,Negative,frame5317.jpeg
564,FH102_02,5319,Negative,frame5319.jpeg
565,FH102_02,5320,Negative,frame5320.jpeg
566,FH102_02,5328,Negative,frame5328.jpeg
567,FH102_02,5329,Negative,frame5329.jpeg
568,FH102_02,5332,Negative,frame5332.jpeg
569,FH102_02,5334,Negative,frame5334.jpeg
570,FH102_02,5335,Negative,frame5335.jpeg
571,FH102_02,5337,Negative,frame5337.jpeg
572,FH102_02,5340,Negative,frame5340.jpeg
573,FH102_02,5341,Negative,frame5341.jpeg
574,FH102_02,5353,Negative,frame5353.jpeg
575,FH102_02,5368,Negative,frame5368.jpeg
576,FH102_02,5377,Negative,frame5377.jpeg
577,FH102_02,5381,Negative,frame5381.jpeg
578,FH102_02,5384,Negative,frame5384.jpeg
579,FH102_02,5403,Negative,frame5403.jpeg
580,FH102_02,5404,Negative,frame5404.jpeg
581,FH102_02,5405,Negative,frame5405.jpeg
582,FH102_02,5411,Negative,frame5411.jpeg
583,FH102_02,5412,Negative,frame5412.jpeg
584,FH102_02,5414,Negative,frame5414.jpeg
585,FH102_02,5416,Negative,frame5416.jpeg
586,FH102_02,5417,Negative,frame5417.jpeg
587,FH102_02,5418,Negative,frame5418.jpeg
588,FH102_02,5420,Negative,frame5420.jpeg
589,FH102_02,5421,Negative,frame5421.jpeg
590,FH102_02,5423,Negative,frame5423.jpeg
591,FH102_02,5424,Negative,frame5424.jpeg
592,FH102_02,5425,Negative,frame5425.jpeg
593,FH102_02,5426,Negative,frame5426.jpeg
594,FH102_02,5427,Negative,frame5427.jpeg
595,FH102_02,5428,Negative,frame5428.jpeg
596,FH102_02,5429,Negative,frame5429.jpeg
597,FH102_02,5430,Negative,frame5430.jpeg
598,FH102_02,5450,Negative,frame5450.jpeg
599,FH102_02,5451,Negative,frame5451.jpeg
600,FH102_02,5465,Negative,frame5465.jpeg
601,FH102_02,5471,Negative,frame5471.jpeg
602,FH102_02,5482,Negative,frame5482.jpeg
603,FH102_02,5520,Negative,frame5520.jpeg
604,FH102_02,5527,Negative,frame5527.jpeg
605,FH102_02,5531,Negative,frame5531.jpeg
606,FH102_02,5532,Negative,frame5532.jpeg
607,FH102_02,5534,Negative,frame5534.jpeg
608,FH102_02,5537,Negative,frame5537.jpeg
609,FH102_02,5538,Negative,frame5538.jpeg
610,FH102_02,5540,Negative,frame5540.jpeg
611,FH102_02,5542,Negative,frame5542.jpeg
612,FH102_02,5566,Negative,frame5566.jpeg
613,FH102_02,5579,Negative,frame5579.jpeg
614,FH102_02,5582,Negative,frame5582.jpeg
615,FH102_02,5592,Negative,frame5592.jpeg
616,FH102_02,5597,Negative,frame5597.jpeg
617,FH102_02,5604,Negative,frame5604.jpeg
618,FH102_02,5612,Negative,frame5612.jpeg
619,FH102_02,5648,Negative,frame5648.jpeg
620,FH102_02,5654,Negative,frame5654.jpeg
621,FH102_02,5656,Negative,frame5656.jpeg
622,FH102_02,5666,Negative,frame5666.jpeg
623,FH102_02,5678,Negative,frame5678.jpeg
624,FH102_02,5683,Negative,frame5683.jpeg
625,FH102_02,5684,Negative,frame5684.jpeg
626,FH102_02,5685,Negative,frame5685.jpeg
627,FH102_02,5688,Negative,frame5688.jpeg
628,FH102_02,5691,Negative,frame5691.jpeg
629,FH102_02,5698,Negative,frame5698.jpeg
630,FH102_02,5699,Negative,frame5699.jpeg
631,FH102_02,5714,Negative,frame5714.jpeg
632,FH102_02,5715,Negative,frame5715.jpeg
633,FH102_02,5720,Negative,frame5720.jpeg
634,FH102_02,5721,Negative,frame5721.jpeg
635,FH102_02,5723,Negative,frame5723.jpeg
636,FH102_02,5724,Negative,frame5724.jpeg
637,FH102_02,5726,Negative,frame5726.jpeg
638,FH102_02,5731,Negative,frame5731.jpeg
639,FH102_02,5733,Negative,frame5733.jpeg
640,FH102_02,5735,Negative,frame5735.jpeg
641,FH102_02,5738,Negative,frame5738.jpeg
642,FH102_02,5740,Negative,frame5740.jpeg
643,FH102_02,5778,Negative,frame5778.jpeg
644,FH102_02,5785,Negative,frame5785.jpeg
645,FH102_02,5794,Negative,frame5794.jpeg
646,FH102_02,5817,Negative,frame5817.jpeg
647,FH102_02,5822,Negative,frame5822.jpeg
648,FH102_02,5830,Negative,frame5830.jpeg
649,FH102_02,5831,Negative,frame5831.jpeg
650,FH102_02,5832,Negative,frame5832.jpeg
651,FH102_02,5833,Negative,frame5833.jpeg
652,FH102_02,5834,Negative,frame5834.jpeg
653,FH102_02,5836,Negative,frame5836.jpeg
654,FH102_02,5839,Negative,frame5839.jpeg
655,FH102_02,5842,Negative,frame5842.jpeg
656,FH102_02,5857,Negative,frame5857.jpeg
657,FH102_02,5862,Negative,frame5862.jpeg
658,FH102_02,5876,Negative,frame5876.jpeg
659,FH102_02,5917,Negative,frame5917.jpeg
660,FH102_02,5918,Negative,frame5918.jpeg
661,FH102_02,5925,Negative,frame5925.jpeg
662,FH102_02,5944,Negative,frame5944.jpeg
663,FH102_02,5946,Negative,frame5946.jpeg
664,FH102_02,5949,Negative,frame5949.jpeg
665,FH102_02,5951,Negative,frame5951.jpeg
666,FH102_02,5956,Negative,frame5956.jpeg
667,FH102_02,5959,Negative,frame5959.jpeg
668,FH102_02,5960,Negative,frame5960.jpeg
669,FH102_02,5961,Negative,frame5961.jpeg
670,FH102_02,5962,Negative,frame5962.jpeg
671,FH102_02,5963,Negative,frame5963.jpeg
672,FH102_02,5965,Negative,frame5965.jpeg
673,FH102_02,5967,Negative,frame5967.jpeg
674,FH102_02,5968,Negative,frame5968.jpeg
675,FH102_02,5969,Negative,frame5969.jpeg
676,FH102_02,5975,Negative,frame5975.jpeg
677,FH102_02,5976,Negative,frame5976.jpeg
678,FH102_02,5983,Negative,frame5983.jpeg
679,FH102_02,5984,Negative,frame5984.jpeg
680,FH102_02,5985,Negative,frame5985.jpeg
681,FH102_02,5998,Negative,frame5998.jpeg
682,FH102_02,6000,Negative,frame6000.jpeg
683,FH102_02,6011,Negative,frame6011.jpeg
684,FH102_02,6013,Negative,frame6013.jpeg
685,FH102_02,6014,Negative,frame6014.jpeg
686,FH102_02,6016,Negative,frame6016.jpeg
687,FH102_02,6028,Negative,frame6028.jpeg
688,FH102_02,6033,Negative,frame6033.jpeg
689,FH102_02,6204,Negative,frame6204.jpeg
690,FH102_02,6237,Negative,frame6237.jpeg
691,FH102_02,6247,Negative,frame6247.jpeg
692,FH102_02,6249,Negative,frame6249.jpeg
693,FH102_02,6253,Negative,frame6253.jpeg
694,FH102_02,6257,Negative,frame6257.jpeg
695,FH102_02,6270,Negative,frame6270.jpeg
696,FH102_02,6271,Negative,frame6271.jpeg
697,FH102_02,6272,Negative,frame6272.jpeg
698,FH102_02,6273,Negative,frame6273.jpeg
699,FH102_02,6276,Negative,frame6276.jpeg
700,FH102_02,6288,Negative,frame6288.jpeg
701,FH102_02,6326,Negative,frame6326.jpeg
702,FH102_02,6378,Negative,frame6378.jpeg
703,FH102_02,6380,Negative,frame6380.jpeg
704,FH102_02,6391,Negative,frame6391.jpeg
705,FH102_02,6396,Negative,frame6396.jpeg
706,FH102_02,6398,Negative,frame6398.jpeg
707,FH102_02,6407,Negative,frame6407.jpeg
708,FH102_02,6408,Negative,frame6408.jpeg
709,FH102_02,6409,Negative,frame6409.jpeg
710,FH102_02,6410,Negative,frame6410.jpeg
711,FH102_02,6411,Negative,frame6411.jpeg
712,FH102_02,6412,Negative,frame6412.jpeg
713,FH102_02,6413,Negative,frame6413.jpeg
714,FH102_02,6414,Negative,frame6414.jpeg
715,FH102_02,6419,Negative,frame6419.jpeg
716,FH102_02,6421,Negative,frame6421.jpeg
717,FH102_02,6470,Negative,frame6470.jpeg
718,FH102_02,6489,Negative,frame6489.jpeg
719,FH102_02,6492,Negative,frame6492.jpeg
720,FH102_02,6493,Negative,frame6493.jpeg
721,FH102_02,6495,Negative,frame6495.jpeg
722,FH102_02,6496,Negative,frame6496.jpeg
723,FH102_02,6500,Negative,frame6500.jpeg
724,FH102_02,6502,Negative,frame6502.jpeg
725,FH102_02,6503,Negative,frame6503.jpeg
726,FH102_02,6508,Negative,frame6508.jpeg
727,FH102_02,6510,Negative,frame6510.jpeg
728,FH102_02,6513,Negative,frame6513.jpeg
729,FH102_02,6516,Negative,frame6516.jpeg
730,FH102_02,6557,Negative,frame6557.jpeg
731,FH102_02,6561,Negative,frame6561.jpeg
732,FH102_02,6571,Negative,frame6571.jpeg
733,FH102_02,6670,Negative,frame6670.jpeg
734,FH102_02,6671,Negative,frame6671.jpeg
735,FH102_02,6672,Negative,frame6672.jpeg
736,FH102_02,6680,Negative,frame6680.jpeg
737,FH102_02,6682,Negative,frame6682.jpeg
738,FH102_02,6794,Negative,frame6794.jpeg
739,FH102_02,6927,Negative,frame6927.jpeg
740,FH102_02,6971,Negative,frame6971.jpeg
741,FH102_02,6974,Negative,frame6974.jpeg
742,FH102_02,6976,Negative,frame6976.jpeg
743,FH102_02,6981,Negative,frame6981.jpeg
744,FH102_02,6984,Negative,frame6984.jpeg
745,FH102_02,6986,Negative,frame6986.jpeg
746,FH102_02,6990,Negative,frame6990.jpeg
747,FH102_02,6997,Negative,frame6997.jpeg
748,FH102_02,7009,Negative,frame7009.jpeg
749,FH102_02,7012,Negative,frame7012.jpeg
750,FH102_02,7034,Negative,frame7034.jpeg
751,FH102_02,7307,Negative,frame7307.jpeg
752,FH102_02,7311,Negative,frame7311.jpeg
753,FH102_02,7332,Negative,frame7332.jpeg
754,FH102_02,7335,Negative,frame7335.jpeg
755,FH102_02,7338,Negative,frame7338.jpeg
756,FH102_02,7396,Negative,frame7396.jpeg
757,FH102_02,7596,Negative,frame7596.jpeg
758,FH102_02,7618,Negative,frame7618.jpeg
759,FH102_02,7621,Negative,frame7621.jpeg
760,FH102_02,7639,Negative,frame7639.jpeg
761,FH102_02,7644,Negative,frame7644.jpeg
762,FH102_02,7646,Negative,frame7646.jpeg
763,FH102_02,7647,Negative,frame7647.jpeg
764,FH102_02,7650,Negative,frame7650.jpeg
765,FH102_02,7654,Negative,frame7654.jpeg
766,FH102_02,7657,Negative,frame7657.jpeg
767,FH102_02,7667,Negative,frame7667.jpeg
768,FH102_02,7673,Negative,frame7673.jpeg
769,FH102_02,7683,Negative,frame7683.jpeg
770,FH102_02,7736,Negative,frame7736.jpeg
771,FH102_02,7794,Negative,frame7794.jpeg
772,FH102_02,7797,Negative,frame7797.jpeg
773,FH102_02,7801,Negative,frame7801.jpeg
774,FH102_02,7803,Negative,frame7803.jpeg
775,FH102_02,7810,Negative,frame7810.jpeg
776,FH102_02,8018,Negative,frame8018.jpeg
777,FH102_02,8020,Negative,frame8020.jpeg
778,FH102_02,8026,Negative,frame8026.jpeg
779,FH102_02,8052,Negative,frame8052.jpeg
780,FH102_02,8079,Negative,frame8079.jpeg
781,FH102_02,8082,Negative,frame8082.jpeg
782,FH102_02,8088,Negative,frame8088.jpeg
783,FH102_02,8109,Negative,frame8109.jpeg
784,FH102_02,8110,Negative,frame8110.jpeg
785,FH102_02,8111,Negative,frame8111.jpeg
786,FH102_02,8112,Negative,frame8112.jpeg
787,FH102_02,8527,Negative,frame8527.jpeg
788,FH102_02,8529,Negative,frame8529.jpeg
789,FH102_02,8530,Negative,frame8530.jpeg
790,FH102_02,8601,Negative,frame8601.jpeg
791,FH102_02,8602,Negative,frame8602.jpeg
792,FH102_02,8605,Negative,frame8605.jpeg
793,FH102_02,8606,Negative,frame8606.jpeg
794,FH102_02,8607,Positive,frame8607.jpeg
795,FH102_02,8608,Positive,frame8608.jpeg
796,FH102_02,8609,Negative,frame8609.jpeg
797,FH102_02,8610,Negative,frame8610.jpeg
798,FH102_02,8614,Negative,frame8614.jpeg
799,FH102_02,8877,Negative,frame8877.jpeg
800,FH102_02,8881,Negative,frame8881.jpeg
801,FH102_02,8915,Negative,frame8915.jpeg
802,FH102_02,9170,Negative,frame9170.jpeg
803,FH102_02,9174,Negative,frame9174.jpeg
804,FH102_02,9269,Negative,frame9269.jpeg
805,FH102_02,9273,Negative,frame9273.jpeg
806,FH102_02,9275,Negative,frame9275.jpeg
807,FH102_02,9278,Negative,frame9278.jpeg
808,FH102_02,9281,Negative,frame9281.jpeg
809,FH102_02,9282,Negative,frame9282.jpeg
810,FH102_02,9284,Negative,frame9284.jpeg
811,FH102_02,9285,Negative,frame9285.jpeg
812,FH102_02,9308,Negative,frame9308.jpeg
813,FH102_02,9329,Negative,frame9329.jpeg
814,FH102_02,9334,Negative,frame9334.jpeg
815,FH102_02,9361,Negative,frame9361.jpeg
816,FH102_02,9366,Negative,frame9366.jpeg
817,FH102_02,9405,Negative,frame9405.jpeg
818,FH102_02,9422,Negative,frame9422.jpeg
819,FH102_02,9426,Negative,frame9426.jpeg
820,FH102_02,9427,Negative,frame9427.jpeg
821,FH102_02,9429,Negative,frame9429.jpeg
822,FH102_02,9451,Negative,frame9451.jpeg
823,FH102_02,9453,Negative,frame9453.jpeg
824,FH102_02,9455,Negative,frame9455.jpeg
825,FH102_02,9524,Negative,frame9524.jpeg
826,FH102_02,9598,Negative,frame9598.jpeg
827,FH102_02,9656,Negative,frame9656.jpeg
828,FH102_02,9811,Negative,frame9811.jpeg
829,FH102_02,9813,Negative,frame9813.jpeg
830,FH102_02,9837,Negative,frame9837.jpeg
831,FH102_02,9842,Negative,frame9842.jpeg
832,FH102_02,9847,Negative,frame9847.jpeg
833,FH102_02,10351,Negative,frame10351.jpeg
834,FH102_02,10354,Negative,frame10354.jpeg
835,FH102_02,10490,Negative,frame10490.jpeg
836,FH102_02,10496,Negative,frame10496.jpeg
837,FH102_02,10497,Negative,frame10497.jpeg
838,FH102_02,10851,Negative,frame10851.jpeg
839,FH102_02,10852,Negative,frame10852.jpeg
840,FH102_02,10923,Positive,frame10923.jpeg
841,FH102_02,10924,Positive,frame10924.jpeg
842,FH102_02,10925,Positive,frame10925.jpeg
843,FH102_02,10926,Positive,frame10926.jpeg
844,FH102_02,10927,Positive,frame10927.jpeg
845,FH102_02,10928,Negative,frame10928.jpeg
846,FH102_02,10929,Negative,frame10929.jpeg
847,FH102_02,10936,Negative,frame10936.jpeg
848,FH102_02,10937,Negative,frame10937.jpeg
849,FH102_02,10962,Positive,frame10962.jpeg
850,FH102_02,10963,Positive,frame10963.jpeg
851,FH102_02,10964,Positive,frame10964.jpeg
852,FH102_02,10965,Positive,frame10965.jpeg
853,FH102_02,10966,Negative,frame10966.jpeg
854,FH102_02,10967,Negative,frame10967.jpeg
855,FH102_02,10968,Negative,frame10968.jpeg
856,FH102_02,10970,Negative,frame10970.jpeg
857,FH102_02,10971,Negative,frame10971.jpeg
858,FH102_02,10972,Negative,frame10972.jpeg
859,FH102_02,10975,Negative,frame10975.jpeg
860,FH102_02,11452,Negative,frame11452.jpeg
861,FH102_02,11453,Negative,frame11453.jpeg
862,FH102_02,11462,Negative,frame11462.jpeg
863,FH102_02,11463,Negative,frame11463.jpeg
864,FH102_02,11584,Negative,frame11584.jpeg
865,FH102_02,11796,Negative,frame11796.jpeg
866,FH102_02,11816,Negative,frame11816.jpeg
867,FH102_02,11817,Negative,frame11817.jpeg
868,FH102_02,11818,Negative,frame11818.jpeg
869,FH102_02,11820,Negative,frame11820.jpeg
870,FH102_02,11821,Negative,frame11821.jpeg
871,FH102_02,11823,Negative,frame11823.jpeg
872,FH102_02,11854,Negative,frame11854.jpeg
873,FH102_02,11856,Negative,frame11856.jpeg
874,FH102_02,12014,Negative,frame12014.jpeg
875,FH102_02,12246,Negative,frame12246.jpeg
876,FH102_02,12254,Negative,frame12254.jpeg
877,FH102_02,12678,Negative,frame12678.jpeg
878,FH102_02,12693,Negative,frame12693.jpeg
879,FH102_02,12712,Negative,frame12712.jpeg
880,FH102_02,12718,Negative,frame12718.jpeg
881,FH102_02,12735,Negative,frame12735.jpeg
882,FH102_02,12749,Negative,frame12749.jpeg
883,FH102_02,12784,Negative,frame12784.jpeg
884,FH102_02,12811,Negative,frame12811.jpeg
885,FH102_02,12829,Negative,frame12829.jpeg
886,FH102_02,13175,Negative,frame13175.jpeg
887,FH102_02,13176,Negative,frame13176.jpeg
888,FH102_02,13184,Negative,frame13184.jpeg
889,FH102_02,13191,Negative,frame13191.jpeg
890,FH102_02,13212,Negative,frame13212.jpeg
891,FH102_02,13224,Negative,frame13224.jpeg
892,FH102_02,13345,Negative,frame13345.jpeg
893,FH102_02,13488,Negative,frame13488.jpeg
894,FH102_02,13520,Negative,frame13520.jpeg
895,FH102_02,13675,Negative,frame13675.jpeg
896,FH102_02,13719,Negative,frame13719.jpeg
897,FH102_02,13763,Negative,frame13763.jpeg
898,FH102_02,13823,Negative,frame13823.jpeg
899,FH102_02,14074,Negative,frame14074.jpeg
900,FH102_02,15851,Negative,frame15851.jpeg
901,FH102_02,15918,Negative,frame15918.jpeg
902,FH102_02,16162,Negative,frame16162.jpeg
903,FH102_02,16312,Negative,frame16312.jpeg
904,FH102_02,16467,Negative,frame16467.jpeg
905,FH102_02,16469,Negative,frame16469.jpeg
906,FH102_02,16470,Negative,frame16470.jpeg
907,FH102_02,16929,Negative,frame16929.jpeg
908,FH102_02,17050,Negative,frame17050.jpeg
909,FH102_02,17078,Negative,frame17078.jpeg
910,FH102_02,17083,Negative,frame17083.jpeg
911,FH102_02,17085,Negative,frame17085.jpeg
912,FH102_02,17128,Negative,frame17128.jpeg
913,FH102_02,17137,Negative,frame17137.jpeg
914,FH102_02,17167,Negative,frame17167.jpeg
915,FH102_02,17175,Negative,frame17175.jpeg
916,FH102_02,17176,Negative,frame17176.jpeg
917,FH102_02,17196,Negative,frame17196.jpeg
918,FH102_02,17197,Negative,frame17197.jpeg
919,FH102_02,17200,Negative,frame17200.jpeg
920,FH102_02,17213,Negative,frame17213.jpeg
921,FH102_02,17218,Negative,frame17218.jpeg
922,FH102_02,17221,Negative,frame17221.jpeg
923,FH102_02,17225,Negative,frame17225.jpeg
924,FH102_02,17227,Negative,frame17227.jpeg
925,FH102_02,17228,Negative,frame17228.jpeg
926,FH102_02,17238,Negative,frame17238.jpeg
927,FH102_02,17257,Negative,frame17257.jpeg
928,FH102_02,17258,Negative,frame17258.jpeg
929,FH102_02,17303,Negative,frame17303.jpeg
930,FH102_02,17316,Negative,frame17316.jpeg
931,FH102_02,17327,Negative,frame17327.jpeg
932,FH102_02,17338,Negative,frame17338.jpeg
933,FH102_02,17420,Negative,frame17420.jpeg
934,FH102_02,17421,Negative,frame17421.jpeg
935,FH102_02,17432,Negative,frame17432.jpeg
936,FH102_02,17437,Negative,frame17437.jpeg
937,FH102_02,17457,Negative,frame17457.jpeg
938,FH102_02,17458,Negative,frame17458.jpeg
939,FH102_02,17459,Negative,frame17459.jpeg
940,FH102_02,17462,Negative,frame17462.jpeg
941,FH102_02,17463,Negative,frame17463.jpeg
942,FH102_02,17464,Negative,frame17464.jpeg
943,FH102_02,17465,Negative,frame17465.jpeg
944,FH102_02,17467,Negative,frame17467.jpeg
945,FH102_02,17468,Negative,frame17468.jpeg
946,FH102_02,17501,Negative,frame17501.jpeg
947,FH102_02,17504,Negative,frame17504.jpeg
948,FH102_02,17505,Negative,frame17505.jpeg
949,FH102_02,17507,Negative,frame17507.jpeg
950,FH102_02,17720,Negative,frame17720.jpeg
951,FH102_02,18636,Negative,frame18636.jpeg
952,FH102_02,18637,Positive,frame18637.jpeg
953,FH102_02,18639,Negative,frame18639.jpeg
954,FH102_02,20399,Negative,frame20399.jpeg
955,FH102_02,20410,Negative,frame20410.jpeg
956,FH102_02,20415,Negative,frame20415.jpeg
957,FH102_02,20488,Negative,frame20488.jpeg
38256,FH102_02,50,Negative,frame50.jpeg
38257,FH102_02,987,Negative,frame987.jpeg
38258,FH102_02,1018,Positive,frame1018.jpeg
38259,FH102_02,1022,Positive,frame1022.jpeg
38260,FH102_02,1025,Positive,frame1025.jpeg
38261,FH102_02,1355,Positive,frame1355.jpeg
38262,FH102_02,5118,Negative,frame5118.jpeg
38263,FH102_02,8606,Negative,frame8606.jpeg
38264,FH102_02,8608,Positive,frame8608.jpeg
38265,FH102_02,10926,Positive,frame10926.jpeg
38266,FH102_02,10966,Negative,frame10966.jpeg
